personnel_file_number,full_name,national_id,designation,job_group,reporting_entity,appointment_date,email,phone
KEMSA/2011/0457,Wanjiku Njoki Kamau,27451863,Senior Procurement Officer,M,Kenya Medical Supplies Authority,2011-08-01,wanjiku.kamau@kemsa.go.ke,+254712000001
PSC/2020/0415,Mutua Daniel Musyoka,2918O447,Accountant,K,Public Service Commission,2020-02-03,,
MOH/2015/1123,Otieno Juma Odhiambo,30194427,Human Resource Officer,K,Ministry of Health,2015-03-16,otieno.odhiambo@health.go.ke,+254712000002
KEMSA/2011/0457,Njoroge Paul Mwangi,29733104,Driver,G,Kenya Medical Supplies Authority,,,
PSC/2012/0311,Achieng Atieno Njeri,28836510,Compliance Officer,L,Public Service Commission,2012-10-01,achieng.njeri@publicservice.go.ke,+254712000003
PSC/2021/0533,Wairimu Joy Gathoni,34410295,Records Officer,H,Public Service Commission,2201-07-01,,
PSC/2006/0098,Kiprono Kibet Chebet,22607781,"Deputy Director, Compliance",Q,Public Service Commission,2006-04-03,kiprono.chebet@publicservice.go.ke,+254712000004
PSC/2017/0260,Barasa Collins Wekesa,30662871,ICT Officer,K,Public Service Commission,,collins.barasa.publicservice.go.ke,
PSC/2018/0702,Amina Halima Hassan,31552094,Legal Officer,K,Public Service Commission,2018-01-08,amina.hassan@publicservice.go.ke,+254712000005
MOH/2016/2210,Adhiambo Lucy Akinyi,31804526,Clinical Officer,J,Ministry of Health,,,0712 34
PSC/2019/0301,,32258810,Clerical Officer,F,Public Service Commission,,,
